ejecucion,tiempo,mejor_fitness,mejor_blosum
1,40.270182371139526,9655.545183233364,-47.0
2,40.196802377700806,14137.833024993877,16.0
3,40.26409125328064,34.857024209055666,16.0
4,40.31162881851196,18.886514810175523,13.0
5,37.86538124084473,607.8115144485541,-49.0
6,38.09044599533081,45.41352003836891,13.0
7,37.97934937477112,18.737433576855462,13.0
8,38.20204210281372,71.11599535517053,24.0
9,38.685500621795654,34569.49117487316,-62.0
10,38.20436453819275,26.434749513439684,16.0
