ejecucion,tiempo,mejor_fitness,mejor_blosum
1,44.67554974555969,30.50994436400796,24.0
2,44.07220768928528,18.64968651902153,13.0
3,43.40656852722168,18.713662437098034,13.0
4,43.48832416534424,19.651696372584286,13.0
5,43.60866451263428,30.034477784454925,16.0
6,43.7634162902832,98.41896380367898,2.0
7,43.60536599159241,17.916953293611726,11.0
8,43.852771520614624,21.79966164056564,18.0
9,44.01016187667847,29.34462446224968,24.0
10,43.73737382888794,22.490127061763214,16.0
